building_name,unit,beds,baths,price,url_py_add
The Epic,#45C - 125 West 31st Street,1bed,1bath,5100,https://streeteasy.com/building/the-epic/45c?context%5Bcontroller%5D=%23%3CBuildingController%3A0x0000558eb733c818%3E&context%5Bcurrent_user%5D=&hide_if_empty=true&section=rentals
The Epic,#35D - 125 West 31st Street,1bed,1bath,4995,https://streeteasy.com/building/the-epic/35d?context%5Bcontroller%5D=%23%3CBuildingController%3A0x0000558eb733c818%3E&context%5Bcurrent_user%5D=&hide_if_empty=true&section=rentals
Herald Towers,#23C5 - 50 W 34th Street,1bed,1bath,4950,https://streeteasy.com/building/herald-towers/23c05?context%5Bcontroller%5D=%23%3CBuildingController%3A0x0000556f60e09b18%3E&context%5Bcurrent_user%5D=&hide_if_empty=true&section=rentals
Herald Towers,#10A3 - 50 W 34th Street,1bed,1bath,4200,https://streeteasy.com/building/herald-towers/10a3?context%5Bcontroller%5D=%23%3CBuildingController%3A0x0000556f60e09b18%3E&context%5Bcurrent_user%5D=&hide_if_empty=true&section=rentals
Herald Towers,#10C10 - 50 W 34th Street,1bed,1bath,4200,https://streeteasy.com/building/herald-towers/10c10?context%5Bcontroller%5D=%23%3CBuildingController%3A0x0000556f60e09b18%3E&context%5Bcurrent_user%5D=&hide_if_empty=true&section=rentals
Herald Towers,#5C2 - 50 W 34th Street,studio,1bath,3475,https://streeteasy.com/building/herald-towers/5c02?context%5Bcontroller%5D=%23%3CBuildingController%3A0x0000556f60e09b18%3E&context%5Bcurrent_user%5D=&hide_if_empty=true&section=rentals
Anagram Nomad,#40D - 10 E 29th Street,3beds,3baths,14748,https://streeteasy.com/building/anagram-nomad/40d?context%5Bcontroller%5D=%23%3CBuildingController%3A0x000055c5a9942e00%3E&context%5Bcurrent_user%5D=&hide_if_empty=true&section=rentals
Anagram Nomad,#16G - 10 E 29th Street,2beds,2baths,8514,https://streeteasy.com/building/anagram-nomad/16g?context%5Bcontroller%5D=%23%3CBuildingController%3A0x000055c5a9942e00%3E&context%5Bcurrent_user%5D=&hide_if_empty=true&section=rentals
Anagram Nomad,#4D - 10 E 29th Street,1bed,1bath,6552,https://streeteasy.com/building/anagram-nomad/04d?context%5Bcontroller%5D=%23%3CBuildingController%3A0x000055c5a9942e00%3E&context%5Bcurrent_user%5D=&hide_if_empty=true&section=rentals
Anagram Nomad,#9J - 10 E 29th Street,1bed,1bath,5509,https://streeteasy.com/building/anagram-nomad/09j?context%5Bcontroller%5D=%23%3CBuildingController%3A0x000055c5a9942e00%3E&context%5Bcurrent_user%5D=&hide_if_empty=true&section=rentals
Anagram Nomad,#11E - 10 E 29th Street,1bed,1bath,5440,https://streeteasy.com/building/anagram-nomad/11e?context%5Bcontroller%5D=%23%3CBuildingController%3A0x000055c5a9942e00%3E&context%5Bcurrent_user%5D=&hide_if_empty=true&section=rentals
Hollingsworth,#2217 - 70 W 37th Street,2beds,2baths,8995,https://streeteasy.com/building/hollingsworth-70-west-37th-street-new_york/2217?context%5Bcontroller%5D=%23%3CBuildingController%3A0x0000558ea6e6b560%3E&context%5Bcurrent_user%5D=&hide_if_empty=true&section=rentals
Hollingsworth,#816 - 70 W 37th Street,1bed,1bath,5395,https://streeteasy.com/building/hollingsworth-70-west-37th-street-new_york/816?context%5Bcontroller%5D=%23%3CBuildingController%3A0x0000558ea6e6b560%3E&context%5Bcurrent_user%5D=&hide_if_empty=true&section=rentals
Hollingsworth,#1215 - 70 W 37th Street,1bed,1bath,5000,https://streeteasy.com/building/hollingsworth-70-west-37th-street-new_york/1215?context%5Bcontroller%5D=%23%3CBuildingController%3A0x0000558ea6e6b560%3E&context%5Bcurrent_user%5D=&hide_if_empty=true&section=rentals
Hollingsworth,#601 - 70 W 37th Street,studio,1bath,4345,https://streeteasy.com/building/hollingsworth-70-west-37th-street-new_york/601?context%5Bcontroller%5D=%23%3CBuildingController%3A0x0000558ea6e6b560%3E&context%5Bcurrent_user%5D=&hide_if_empty=true&section=rentals
Hollingsworth,#712 - 70 W 37th Street,studio,1bath,3995,https://streeteasy.com/building/hollingsworth-70-west-37th-street-new_york/712?context%5Bcontroller%5D=%23%3CBuildingController%3A0x0000558ea6e6b560%3E&context%5Bcurrent_user%5D=&hide_if_empty=true&section=rentals
HenryHall,#18F - 515 West 38th Street,1bed,1bath,4795,https://streeteasy.com/building/henry-hall/18f?context%5Bcontroller%5D=%23%3CBuildingController%3A0x00005647d759f040%3E&context%5Bcurrent_user%5D=&hide_if_empty=true&section=rentals
HenryHall,#11L - 515 West 38th Street,1bed,1bath,4795,https://streeteasy.com/building/henry-hall/rental/3652281?context%5Bcontroller%5D=%23%3CBuildingController%3A0x00005647d759f040%3E&context%5Bcurrent_user%5D=&hide_if_empty=true&section=rentals
HenryHall,#11L - 515 West 38th Street,1bed,1bath,4795,https://streeteasy.com/building/henry-hall/rental/3783720?context%5Bcontroller%5D=%23%3CBuildingController%3A0x00005647d759f040%3E&context%5Bcurrent_user%5D=&hide_if_empty=true&section=rentals
HenryHall,#19A - 515 West 38th Street,studio,1bath,4795,https://streeteasy.com/building/henry-hall/19a?context%5Bcontroller%5D=%23%3CBuildingController%3A0x00005647d759f040%3E&context%5Bcurrent_user%5D=&hide_if_empty=true&section=rentals
HenryHall,#15H - 515 West 38th Street,studio,1bath,4795,https://streeteasy.com/building/henry-hall/15h?context%5Bcontroller%5D=%23%3CBuildingController%3A0x00005647d759f040%3E&context%5Bcurrent_user%5D=&hide_if_empty=true&section=rentals
